,dataset,model,epoch,rank,epoch time,commu,reduce,compute,accuracy,peak memory
0,reddit,"['graphsage', 4, 256]",150,0,0.14998022605632913,0.10593898049716292,0.00784410937079068,0.03619713618837553,0.9563937310378257,1499.0859375
0,reddit,"['gcn', 4, 256]",150,0,0.1335945721330314,0.08793232358735183,0.010389607528160358,0.0352726410175192,0.944132272947597,1456.98291015625
0,reddit,"['gat', 2, 256]",150,0,0.1031605917831947,0.047341157650125434,0.027964203933189654,0.02785523019987961,0.8402599500924546,1301.09912109375
