,dataset,model,epoch,rank,epoch time,commu,reduce,compute,accuracy,peak memory
0,reddit,"['graphsage', 4, 256]",150,0,0.1979783896742196,0.13010173666066138,0.021817143210049333,0.04605950980350888,0.9563039692655692,660.15625
0,reddit,"['gcn', 4, 256]",150,0,0.17056803703308104,0.1087384454135237,0.016637035896038186,0.04519255572351916,0.9361255228623234,605.28662109375
0,reddit,"['gat', 2, 256]",150,0,0.08423665309774464,0.03398179843507964,0.02109342936811776,0.029161425294547242,0.8112668976536273,513.83740234375
