,dataset,model,epoch,rank,epoch time,commu,reduce,compute,accuracy,peak memory
0,reddit,"['graphsage', 4, 256]",2000,0,0.14644361988344887,0.08634070370131566,0.007477065017050071,0.05262585116508313,0.9711146616878804,1499.55029296875
0,reddit,"['gcn', 4, 256]",2000,0,0.15118266347058137,0.08054496220179967,0.012076121762880407,0.058561579505901296,0.9542574008581225,1456.81640625
0,reddit,"['gat', 2, 256]",200,0,0.10971971536294008,0.04414042692918044,0.027045163130148864,0.03853412530361078,0.8465612265048561,1300.71533203125
