,dataset,model,epoch,rank,epoch time,commu,reduce,compute,accuracy,peak memory
0,reddit,"['graphsage', 4, 256]",100,0,0.806586732362446,0.6401889223801462,0.1050038588674445,0.06139395111485531,NA,660.708984375
0,reddit,"['gcn', 4, 256]",100,0,0.7916683473085102,0.6328843518307334,0.0998223480425383,0.058961647435238476,NA,617.22216796875
0,reddit,"['gat', 2, 256]",100,0,0.3083800215470163,0.2119323404211747,0.04781793042233116,0.048629750703510465,NA,526.4248046875
