,dataset,model,epoch,datatype,pipeline,fixed synchro,rank,epoch time,commu,reduce,compute,accuracy,peak memory
0,reddit,"['graphsage', 4, 256]",100,fp32,False,NA,0,0.288823452106742,0.21888599007628684,0.01100803253262542,0.05892942949782973,NA,2386.65673828125
0,reddit,"['graphsage', 4, 256]",100,fp32,True,NA,0,0.22258157231086909,0.053098714628884956,0.1143509870351747,0.055131870646809425,NA,2493.31689453125
0,reddit,"['graphsage', 4, 256]",100,int1,False,NA,0,0.09976584412330805,0.0452206107073052,0.004634682522263638,0.04991055089373921,NA,2083.91845703125
0,reddit,"['graphsage', 4, 256]",100,int1,True,NA,0,0.0910794125046841,0.00022090313046477562,0.03638447717178699,0.05447403220243233,NA,2085.171875
0,reddit,"['gcn', 4, 256]",100,fp32,False,NA,0,0.2943492240683977,0.2177571640458218,0.01991896296656409,0.05667309705601181,NA,1931.15966796875
0,reddit,"['gcn', 4, 256]",100,fp32,True,NA,0,0.22152300490889437,0.07259005169535793,0.09515154916186665,0.0537814040516698,NA,2397.55322265625
0,reddit,"['gcn', 4, 256]",100,int1,False,NA,0,0.10394264099209807,0.043807586958242016,0.013556189315263615,0.04657886471859244,NA,1848.7451171875
0,reddit,"['gcn', 4, 256]",100,int1,True,NA,0,0.09606535490169081,0.00020912636158078215,0.04416102864021479,0.05169519989989524,NA,1965.79052734375
0,reddit,"['gat', 2, 256]",100,fp32,False,NA,0,0.156936761944793,0.07982469713965128,0.040628266888995505,0.03648379791614622,NA,1434.359375
0,reddit,"['gat', 2, 256]",100,fp32,True,NA,0,0.10183749365252118,9.584426879882812e-05,0.0667035136111947,0.03503813577252765,NA,1434.359375
0,reddit,"['gat', 2, 256]",100,int1,False,NA,0,0.10518574437429738,0.03217410209567048,0.03835763487704964,0.03465400740157726,NA,1332.4892578125
0,reddit,"['gat', 2, 256]",100,int1,True,NA,0,0.1016857152761415,6.217734758244004e-05,0.06663694769837135,0.0349865902301877,NA,1340.84814453125
