,dataset,model,epoch,datatype,pipeline,fixed synchro,rank,epoch time,commu,reduce,compute,accuracy,peak memory
0,reddit,"['graphsage', 4, 256]",100,fp32,False,NA,0,0.3704796890879786,0.31787167039028436,0.022248306939768238,0.030359711757926032,NA,951.6865234375
0,reddit,"['graphsage', 4, 256]",100,fp32,True,NA,0,0.36348021030426025,0.016275949256364688,0.31375044168427935,0.033453819363616244,NA,986.9306640625
0,reddit,"['graphsage', 4, 256]",100,int1,False,NA,0,0.07464469033618305,0.04479051745215128,0.003967179808505746,0.02588699307552603,NA,874.8857421875
0,reddit,"['graphsage', 4, 256]",100,int1,True,NA,0,0.059837712798007696,0.0002634442129800486,0.02825920526371446,0.03131506332131319,NA,880.0244140625
0,reddit,"['gcn', 4, 256]",100,fp32,False,NA,0,0.3697250527004863,0.31411543280579324,0.0243900737097097,0.031219546184983342,NA,746.919921875
0,reddit,"['gcn', 4, 256]",100,fp32,True,NA,0,0.34423524557158003,0.012020077816275664,0.2970779441123785,0.035137223642925874,NA,918.75439453125
0,reddit,"['gcn', 4, 256]",100,int1,False,NA,0,0.07621487074120101,0.04293229136356087,0.007694008738495583,0.02558857063914455,NA,753.40625
0,reddit,"['gcn', 4, 256]",100,int1,True,NA,0,0.0632158268329709,0.00025784137637116186,0.030086974764979162,0.03287101069162057,NA,810.181640625
0,reddit,"['gat', 2, 256]",100,fp32,False,NA,0,0.16030119463454845,0.10370392854823622,0.03757550550061603,0.0190217605856962,NA,525.56982421875
0,reddit,"['gat', 2, 256]",100,fp32,True,NA,0,0.11645470663558605,0.007493576338124829,0.08976964063422624,0.019191489663234973,NA,546.2080078125
0,reddit,"['gat', 2, 256]",100,int1,False,NA,0,0.06813167139541271,0.030059110286623933,0.020131529763687487,0.017941031345101287,NA,486.32275390625
0,reddit,"['gat', 2, 256]",100,int1,True,NA,0,0.0639298350311989,9.316344593846521e-05,0.04480280432590218,0.019033867259358253,NA,544.125
