,dataset,model,epoch,datatype,pipeline,fixed synchro,rank,epoch time,commu,reduce,compute,accuracy,peak memory
0,reddit,"['graphsage', 4, 256]",100,fp32,False,NA,0,7.2767,6.6228,0,0,NA,0
0,reddit,"['graphsage', 4, 256]",100,fp32,True,NA,0,6.343,4.0537,0,0,NA,0
0,reddit,"['graphsage', 4, 256]",100,int1,False,NA,0,0.3657,0.2892,0,0,NA,0
0,reddit,"['graphsage', 4, 256]",100,int1,True,NA,0,0.2836,0.0295,0,0,NA,0
0,reddit,"['gcn', 4, 256]",100,fp32,False,NA,0,7.267158846522486,6.708874469579652,0.511962377747824,0.04632199919500979,NA,810.7841796875
0,reddit,"['gcn', 4, 256]",100,fp32,True,NA,0,6.327675639196884,5.8108,0.5028,0.0625,NA,996.435546875
0,reddit,"['gcn', 4, 256]",100,int1,False,NA,0,0.36390420725179273,0.2937957408816315,0.020528552144072777,0.04957991422608844,NA,803.10498046875
0,reddit,"['gcn', 4, 256]",100,int1,True,NA,0,0.27362002882846564,0.04556874896204749,0.1507949801378472,0.07725629972857095,NA,932.46044921875
0,reddit,"['gat', 2, 256]",100,fp32,False,NA,0,2.423670474873033,2.1377585377804067,0.25487819383310717,0.03103374325951902,NA,551.1640625
0,reddit,"['gat', 2, 256]",100,fp32,True,NA,0,2.1229803506718126,0.28222611061362335,1.8085156900938166,0.0322385499643727,NA,585.322265625
0,reddit,"['gat', 2, 256]",100,int1,False,NA,0,0.1630895026894503,0.10203869398250136,0.03049774225368056,0.03055306645326838,NA,522.048828125
0,reddit,"['gat', 2, 256]",100,int1,True,NA,0,0.11279841633730156,0.000206573064937148,0.07524670279303262,0.03734514047933178,NA,584.4404296875
