,dataset,model,epoch,rank,epoch time,commu,reduce,compute,accuracy,peak memory
0,reddit,"['graphsage', 4, 256]",2000,0,0.20914025414258913,0.13397270097469627,0.020178688379158653,0.054988864788734215,0.9713839470046497,744.873046875
0,reddit,"['gcn', 4, 256]",2000,0,0.23236610991016665,0.14741781863353606,0.0207500810312448,0.06419821024538579,0.9500385975620703,664.6796875
0,reddit,"['gat', 4, 256]",500,0,0.24797869836441194,0.14235919027617483,0.026134546356971818,0.07948496173126529,0.1638690914313412,1093.3974609375
