,dataset,model,epoch,rank,epoch time,commu,reduce,compute,accuracy,peak memory
0,reddit,"['graphsage', 4, 256]",2000,0,0.23109185163837329,0.16825439625216607,0.011318449986010864,0.051519005400196355,0.971150566396783,1499.57763671875
0,reddit,"['gcn', 4, 256]",2000,0,0.198904437947094,0.13308951800927182,0.012924655159015704,0.05289026477880648,0.9548857332639176,1457.38623046875
0,reddit,"['gat', 4, 256]",500,0,0.29150516288449063,0.19606296125084463,0.02995773565889609,0.06548446597474991,0.46557636033965855,2343.0498046875