epoch,acc,loss
9,0.6778565733708195,49016.6328125
19,0.805925055599849,23900.474609375
29,0.8527548151567287,11114.34765625
39,0.883093449708363,9039.990234375
49,0.8924510091897109,7669.11083984375
59,0.8980739373085477,7248.1767578125
69,0.9029415467248542,6627.08251953125
79,0.9053753514330074,6239.87451171875
89,0.909739415047627,5921.80615234375
99,0.9117535982543745,5661.3642578125
109,0.9155301917670261,5471.40966796875
119,0.9172506399227897,5279.3837890625
129,0.9189710880785531,5096.9453125
139,0.9208174226847383,4944.2890625
149,0.9217405899878309,4784.80126953125
159,0.9224959086903612,4652.92724609375
169,0.9212790063362847,4548.1083984375
179,0.9251814862993579,4355.14501953125
189,0.9250975619990768,4179.77783203125
199,0.9185514665771474,4909.84326171875
