epoch,acc,loss
9,0.06160043640636146,119057.171875
19,0.14661575259116277,129549.9296875
29,0.14661575259116277,124072.46875
39,0.20339054173135832,120802.9375
49,0.20422978473416978,108160.34375
59,0.33162687256095,83015.1875
69,0.4036758843523142,71151.5
79,0.4364483236121019,67209.875
89,0.4539045780705803,57060.32421875
99,0.5325836095841551,51876.484375
109,0.6065628802819857,42071.734375
119,0.6385380386891024,38440.0625
129,0.7162099785993035,30057.37109375
139,0.6995929671436364,30341.40234375
149,0.7623683437539339,22954.78125
159,0.8347950148965633,20343.873046875
169,0.8462926440350803,17532.384765625
179,0.8584616675758466,16002.546875
189,0.8683647350090219,15404.814453125
199,0.8826738282069573,14539.5419921875
209,0.8889261885779027,13392.7529296875
219,0.8928706306911166,12799.8271484375
229,0.8989551424614998,11934.5791015625
239,0.9003398934161386,11520.1103515625
249,0.9084805505434098,10969.634765625
259,0.9106206202005791,10381.533203125
269,0.9162015861692753,10004.234375
279,0.9154882296168856,9592.94140625
289,0.9205656497838949,9598.16796875
299,0.9231673030926104,9396.6650390625
309,0.9248457890982333,9008.666015625
319,0.9257269942511854,8804.08984375
329,0.9271537073559649,8534.6962890625
339,0.9284545340103227,8333.9697265625
349,0.9296294742142588,8100.57080078125
359,0.9298392849649616,7955.8642578125
369,0.9313918845201629,7870.5556640625
379,0.9328185976249423,7626.88427734375
389,0.934329235030003,7597.880859375
399,0.9350845537325333,7510.11083984375
409,0.9355880995342202,7452.62109375
419,0.9360077210356259,7240.494140625
429,0.9368050018882967,7179.19189453125
439,0.9374344341404054,7116.77392578125
449,0.9396584280978557,7054.6689453125
459,0.9390289958457472,6940.66650390625
469,0.9403717846502455,6726.08642578125
479,0.939826276698418,6658.09228515625
489,0.941001216902354,6602.427734375
499,0.9408753304519324,6506.30712890625
509,0.9430573622592422,6447.31982421875
519,0.9431412865595233,6308.587890625
529,0.9433091351600856,6236.39111328125
539,0.9443162267634594,6165.81591796875
549,0.9434769837606479,6168.35791015625
559,0.9456590155679577,6005.4951171875
569,0.9457849020183794,5934.4794921875
579,0.9466661071713315,5886.21923828125
589,0.9461625613696446,5832.455078125
599,0.9471276908228777,5861.63818359375
