epoch,acc,loss
9,0.14179010532499686,1758372.0
19,0.07444085434937686,809823.75
29,0.1010028953883597,514266.84375
39,0.12722923922621796,293006.0
49,0.19403298225001048,180045.484375
59,0.22382610884981746,136874.640625
69,0.22525282195459695,130255.890625
79,0.24577231337333724,124252.1328125
89,0.2602912173219756,120581.90625
99,0.2653686374889849,116162.3828125
109,0.27661449372665853,111258.296875
119,0.29432252108598045,109461.84375
129,0.3045193235701397,89150.984375
139,0.31874449246779407,95795.984375
149,0.3321723805127775,89804.2890625
159,0.3444672905039654,98006.8359375
169,0.34815995971633584,109612.1328125
179,0.34769837606478954,94436.0859375
189,0.3548739037388276,87141.046875
199,0.3701481263899962,99611.09375
209,0.3726658553984306,83189.203125
219,0.37732365406403423,74441.7265625
229,0.38697494859636605,92053.0234375
239,0.3881498888003021,66604.4453125
249,0.39813688053375856,69206.8515625
259,0.40392765725315766,70484.5
269,0.4017036632957073,77695.8359375
279,0.40594184045990517,66840.59375
289,0.416474340145189,57261.1015625
299,0.4275523477823004,70363.3828125
309,0.43292350300029375,57894.3515625
319,0.44337207838529646,62605.15625
329,0.44668708824640174,60723.0390625
339,0.4511350761613025,50107.0625
349,0.45713566363140445,49118.890625
359,0.45852041458604337,58632.03125
369,0.45541521547564096,57108.91015625
379,0.45042171960891275,62858.84375
389,0.44169359237967354,96119.625
399,0.40363392220217365,293886.8125
