epoch,acc,loss
9,0.662960010070916,61835.33984375
19,0.8084847467584239,24990.216796875
29,0.89312240359196,17626.666015625
39,0.920649574084176,14489.7265625
49,0.9280768746590575,13502.662109375
59,0.931769543871428,12650.91796875
69,0.9334060677269104,11941.6025390625
79,0.9356300616843607,11461.8759765625
89,0.9367210775880156,11162.546875
99,0.9386932986446226,10927.1708984375
109,0.9382736771432169,10817.0078125
119,0.9397843145482775,10700.544921875
129,0.9397423523981369,10565.048828125
139,0.93777013134153,10296.4921875
149,0.9400780495992614,10493.3662109375
159,0.9387772229449037,10434.099609375
169,0.9397843145482775,9812.1767578125
179,0.9407494440015106,9725.2568359375
189,0.9411690655029163,9374.0126953125
199,0.8633712391422936,19990.1484375
209,0.9135160085602786,14025.5
219,0.9278251017582141,12219.53125
229,0.9361755696361882,10534.6826171875
239,0.9374763962905459,10777.732421875
249,0.9372246233897025,10088.5390625
259,0.9387772229449037,10007.7060546875
269,0.9400780495992614,9717.40625
279,0.9399941252989803,9606.078125
289,0.9391968444463095,9524.6552734375
299,0.939826276698418,9185.2783203125
309,0.9394905794972934,9242.68359375
319,0.9388191850950443,9100.962890625
329,0.9407074818513701,9028.3388671875
339,0.9392807687465906,8984.779296875
349,0.9396584280978557,8891.9873046875
359,0.9397423523981369,8903.6162109375
369,0.9400780495992614,8669.396484375
379,0.941211027653057,8502.013671875
389,0.9407074818513701,8118.06689453125
399,0.940623557551089,8323.3251953125
409,0.9389870336956065,8500.7998046875
419,0.9419663463555873,8534.146484375
429,0.9400780495992614,7826.201171875
439,0.9417565356048844,7678.89013671875
449,0.9398682388485586,7729.43603515625
459,0.9402039360496832,7831.22998046875
469,0.9415886870043221,7861.57958984375
479,0.9420502706558684,7793.2099609375
489,0.9433091351600856,7647.86376953125
499,0.9416726113046032,7453.7890625
