epoch,acc,loss
9,0.1433007427300575,1759767.5
19,0.0687340019302589,821893.8125
29,0.08115479837186858,537305.6875
39,0.0992824472325962,294590.75
49,0.17573748478872056,176835.75
59,0.22466535185262893,132419.75
69,0.2257983299064244,131402.53125
79,0.250220301288238,122591.1640625
89,0.25622088875834,115927.5078125
99,0.26423565943518945,106158.8671875
109,0.27871260123368724,110775.015625
119,0.29679828794427426,109817.3984375
129,0.3120305484453023,102185.546875
139,0.3271788846460493,96011.109375
149,0.33427048801980613,94527.8203125
159,0.3468171709118375,88963.75
169,0.358272837900214,96075.921875
179,0.3694347698376065,145757.484375
189,0.3496286349712559,120807.3046875
199,0.32566824724098864,116217.96875
209,0.3410263941924384,91066.0703125
219,0.35835676220049517,81950.578125
229,0.37060971004154253,77696.75
239,0.3824010742310436,85525.96875
249,0.38684906214594433,78259.8125
259,0.3883177374008644,93915.984375
269,0.39394066551970125,74901.828125
279,0.3985145398850237,73730.3984375
289,0.40518652175737485,78817.53125
299,0.41160673072888254,77157.5
309,0.4145021190885821,78395.4921875
319,0.4107674877260711,72825.734375
329,0.4053963325080777,73293.8984375
339,0.4207544794595275,63535.51171875
349,0.4283496286349713,59933.3203125
359,0.4376652259661785,53028.578125
369,0.4433301162351559,50139.58984375
379,0.44777810415005664,48728.16796875
389,0.45201628131425453,46823.6875
399,0.45885611178716795,45773.9921875
