epoch,acc,loss
9,0.06160043640636146,120229.9921875
19,0.14661575259116277,128784.8984375
29,0.14661575259116277,122205.6015625
39,0.2045235197851538,118602.421875
49,0.2848390751542109,87173.4296875
59,0.37791112416600225,74376.5859375
69,0.3961646594771516,72518.140625
79,0.4267970290797701,63899.109375
89,0.45852041458604337,56240.76953125
99,0.559439385674122,49846.9453125
109,0.6335865049725148,43974.01171875
119,0.6316142839159079,38053.42578125
129,0.650371365028744,33028.4921875
139,0.7318198984515967,27993.333984375
149,0.7705090008812051,23169.353515625
159,0.8211153539507364,20576.505859375
169,0.8375645168058411,17855.80078125
179,0.8562376736183962,16373.43359375
189,0.8770509000881205,14876.0634765625
199,0.8890520750283245,13929.45703125
209,0.9003398934161386,12804.5068359375
219,0.9035709789769628,11647.6845703125
229,0.9087323234442533,11447.3486328125
239,0.91288657630817,10599.0087890625
249,0.916033737568713,10297.56640625
259,0.9189710880785531,9982.904296875
269,0.9214048927867063,9710.443359375
279,0.9216566656875498,9354.5380859375
289,0.9230414166421888,8925.4501953125
299,0.9252654105996391,8949.2998046875
309,0.926650161554278,8623.525390625
319,0.9281188368091982,8542.57421875
329,0.9279929503587764,8523.681640625
339,0.9303847929167891,8289.90625
349,0.9305106793672108,8075.1474609375
359,0.930888338718476,7867.548828125
369,0.932357013973396,7903.58056640625
379,0.9336998027778943,7784.96337890625
389,0.9308044144181948,7752.70654296875
399,0.9344970836305653,7575.24169921875
409,0.935504175233939,7404.7001953125
419,0.9355461373840795,7258.51318359375
429,0.9355880995342202,7345.62353515625
439,0.9381477906927951,7173.50732421875
449,0.9378960177919516,7102.740234375
459,0.938945071545466,7046.5625
469,0.9393227308967311,6899.9345703125
479,0.9397843145482775,6902.75732421875
489,0.9411271033527758,6760.74169921875
499,0.9416306491544627,6636.61279296875
509,0.942679702907977,6567.55517578125
519,0.942385967856993,6544.447265625
529,0.9431412865595233,6422.515625
539,0.943267173009945,6369.7529296875
549,0.9433930594603668,6288.15966796875
559,0.944651923964584,6209.8544921875
569,0.9446099618144433,6005.39111328125
579,0.9443162267634594,6240.349609375
589,0.9457009777180982,6055.91455078125
599,0.9457009777180982,6055.91455078125
