epoch,acc,loss
9,0.06029960975200369,135476.71875
19,0.042004112290713776,129371.0703125
29,0.14661575259116277,126052.109375
39,0.14661575259116277,125530.71875
49,0.14661575259116277,126498.953125
59,0.14661575259116277,125728.515625
69,0.19650874910830432,124787.453125
79,0.2045235197851538,120480.1484375
89,0.2049851034367001,120256.6953125
99,0.20767068104569678,119872.1640625
109,0.27531366707230076,116221.578125
119,0.3197515840711678,99058.765625
129,0.31412865595233097,84691.1171875
139,0.39192648231295374,88347.84375
149,0.3566363140447317,65484.8515625
159,0.5341362091393563,58105.51171875
169,0.4318744492467794,48432.0625
179,0.466031639461206,42413.95703125
189,0.5653140866938022,37193.87890625
199,0.5738743653224792,69283.421875
209,0.5707691662120767,39141.72265625
219,0.5591036884729974,34591.39453125
229,0.5838613570559356,31496.8046875
239,0.6465528093659519,29374.6484375
249,0.623935210440183,26700.193359375
259,0.6420628593009106,24158.962890625
269,0.625697620746087,22116.666015625
279,0.657462968402501,20927.640625
289,0.6875078679031513,20663.767578125
299,0.4974193277663547,35881.5078125
309,0.6353908774285595,24231.833984375
319,0.6386219629893836,20695.74609375
329,0.7006839830472913,17316.4296875
339,0.6735344719063405,17432.91015625
349,0.721665058117578,16374.1064453125
359,0.713398514539885,15998.0283203125
369,0.7327430657546893,15595.5234375
379,0.7596408039947967,15275.328125
389,0.7528429356720239,14665.7529296875
399,0.659519113759389,21221.078125
409,0.6871721707020267,18937.595703125
419,0.7520876169694936,17214.64453125
429,0.7417229658847719,15799.6630859375
439,0.7376526373211363,14847.9521484375
449,0.7528429356720239,15044.310546875
459,0.7576685829381897,14684.5517578125
469,0.7741177457932944,14436.35546875
479,0.7768452855524317,14415.744140625
489,0.7771390206034157,14207.2236328125
499,0.7928328647559901,13972.46484375
