epoch,acc,loss
9,0.059670177499895095,134805.40625
19,0.04326297679493097,130439.5390625
29,0.14661575259116277,126655.0078125
39,0.14661575259116277,125385.328125
49,0.14661575259116277,126435.09375
59,0.14661575259116277,125556.9296875
69,0.20422978473416978,124231.5390625
79,0.20225756367756284,121825.9296875
89,0.20473333053585666,119471.953125
99,0.20553061138852755,120217.3515625
109,0.20565649783894926,120415.6015625
119,0.26734085854559186,107244.7890625
129,0.30023918425580126,99022.0546875
139,0.2586966556166338,102123.3828125
149,0.2592002014183207,100654.265625
159,0.28404179430154003,98042.3984375
169,0.2884478200663002,93383.3828125
179,0.3734631362511015,88006.515625
189,0.3979270697830557,87421.8125
199,0.3916327472619697,73688.796875
209,0.5189039486383282,89530.6640625
219,0.47878813310394025,73254.1875
229,0.4679618983676724,61323.0625
239,0.4770257227980362,50184.98046875
249,0.4142923083378792,53995.625
259,0.4946498258570769,43990.40625
269,0.4863413201292434,39129.078125
279,0.4995174352733834,34663.09765625
289,0.5278838487684109,30250.052734375
299,0.5902396038773027,25724.6875
309,0.5868406697159162,25992.0234375
319,0.6367756283831983,25234.419921875
329,0.6432797616549872,21868.822265625
339,0.6582182871050313,19601.8515625
349,0.6577986656036255,19167.302734375
359,0.6271243338508665,96991.9921875
369,0.5035458016868785,36375.36328125
379,0.6596030380596701,30419.130859375
389,0.6351810666778566,23837.53125
399,0.6919978179681927,20892.75
409,0.6705131970962193,19954.291015625
419,0.6826822206369855,18608.3671875
429,0.7143216818429776,18041.240234375
439,0.7283790021400697,17314.642578125
449,0.7411774579329445,16853.365234375
459,0.7462129159498133,16137.7294921875
469,0.7660190508161638,15995.0341796875
479,0.7616130250514036,15724.15234375
489,0.7691242499265663,15643.58203125
499,0.7796987117619907,14858.826171875
