epoch,acc,loss
9,0.14690948764214679,1748402.5
19,0.06646804582266795,840143.3125
29,0.09911459863203391,533744.3125
39,0.0999118794847048,284017.875
49,0.1472032226931308,185984.671875
59,0.18551466577147413,134652.1875
69,0.23859678569929924,127296.0078125
79,0.26440350803575174,123683.875
89,0.2659980697410935,118981.6015625
99,0.2744744240694893,106096.671875
109,0.28387394570097774,99872.3203125
119,0.3061558474256221,111487.5234375
129,0.32004531912215184,174109.78125
139,0.31463220175401785,111908.5625
149,0.3317947211615123,96328.109375
159,0.35004825647266163,95221.3359375
169,0.3555033359909362,92668.2109375
179,0.36523855482354917,88669.1484375
189,0.3631404473165205,83965.8984375
199,0.36918299693676304,90208.2109375
209,0.36918299693676304,83015.9375
219,0.37757542696487767,82037.75
229,0.38684906214594433,75066.6015625
239,0.3956191515253242,84155.390625
249,0.3982208048340397,79067.6640625
259,0.40346607360161135,81429.2421875
269,0.4060677269103269,93441.8203125
279,0.4095086232218539,78035.6640625
289,0.4157190214426587,122552.375
299,0.41563509714237756,93148.0390625
309,0.4212160631110738,76784.2578125
319,0.4235659435189459,101492.7421875
329,0.42998615249045363,82878.1640625
339,0.43670009651294533,87315.3046875
349,0.43884016617011457,97271.125
359,0.4426587218329067,109823.265625
369,0.44181947883009526,177416.09375
379,0.4375393395157568,143892.734375
389,0.43779111241660024,110775.4140625
399,0.4249926566237254,84762.4765625