epoch,acc,loss
9,0.14661575259116277,131609.71875
19,0.10771683941085142,126241.671875
29,0.14661575259116277,126762.140625
39,0.14661575259116277,125888.546875
49,0.14661575259116277,126240.3984375
59,0.14661575259116277,125397.7421875
69,0.20187990432629768,123752.484375
79,0.21031429650455288,114805.671875
89,0.2175317863287315,107594.328125
99,0.2727539759137258,107824.6171875
109,0.30275691326423565,93438.3515625
119,0.311568964793756,78664.59375
129,0.34937686207041246,76609.109375
139,0.32705299819562755,64412.86328125
149,0.35403466073601614,59193.0078125
159,0.42469892157274136,51346.234375
169,0.42281062481641557,52901.77734375
179,0.5103436700096513,41716.734375
189,0.5083714489530443,36956.75
199,0.4534849565691746,79029.7578125
209,0.5460114976291385,40392.046875
219,0.5053921362930637,33790.8828125
229,0.5547815870085183,28485.865234375
239,0.5659015567957703,23109.677734375
249,0.583525659854811,22165.9609375
259,0.611346565398011,20997.576171875
269,0.6340061264739205,19535.482421875
279,0.5924216356846125,18493.23046875
289,0.5945617053417818,52999.59375
299,0.6237673618396207,29810.734375
309,0.638580000839243,20068.751953125
319,0.6702194620452352,18903.576171875
329,0.6605262053627627,17723.68359375
339,0.694809282027611,16948.029296875
349,0.7170911837522554,16346.3486328125
359,0.7162099785993035,16032.3974609375
369,0.7580042801393143,15890.47265625
379,0.7362678863664974,15259.4130859375
389,0.7543535730770845,15617.8701171875
399,0.7931265998069741,14968.501953125
409,0.7887625361923545,15268.7373046875
419,0.8014770676849482,14526.88671875
429,0.7779782636062272,13982.05078125
439,0.7771809827535563,13753.0263671875
449,0.8145272963786664,13544.3359375
459,0.6740380177080274,179370.375
469,0.7158323192480383,30130.1796875
479,0.766102975116445,18678.162109375
489,0.78183878141916,16943.154296875
499,0.8098275355629222,15236.3681640625
