epoch,acc,loss
9,0.06160043640636146,123717.5234375
19,0.14661575259116277,120576.15625
