epoch,acc,loss
9,0.11761990684402669,2672790.0
19,0.09202299525827703,1148667.0
29,0.08048340396961941,839751.25
39,0.13860098191431328,574876.5
49,0.18551466577147413,374184.3125
59,0.2059082707397927,234934.125
69,0.1938231714993076,151332.59375
79,0.2129998741135496,123859.1875
89,0.23704418614409803,123894.140625
99,0.26066887667324073,115757.3046875
109,0.28257311904661997,140881.453125
119,0.2933154294826067,114568.75
129,0.2898325710209391,107499.7734375
139,0.31257605639712976,97229.25
149,0.32239519953002393,100336.1328125
159,0.34094246989215726,92433.2734375
169,0.348537619067601,84636.8984375
179,0.3446351391045277,101569.3828125
189,0.3424531072972179,102167.5703125
199,0.35621669254332594,80536.34375
209,0.3769040325626285,84556.546875
219,0.39406655197012297,79710.421875
229,0.4040115815534388,77782.296875
239,0.40959254752213503,61551.23828125
249,0.4146280055390038,75456.0078125
259,0.4221392304141664,79468.75
269,0.4211741009609332,74981.296875
279,0.415886870043221,78830.296875
289,0.41580294574293986,77439.75
299,0.4243212622214762,69624.5078125
309,0.43481179975661954,68745.65625
319,0.43321723805127776,73579.90625
329,0.4306575468927028,69085.4453125
339,0.4265872183290672,83121.1640625
349,0.42549620242541225,80621.7578125
359,0.4314548277453737,75552.9375
369,0.43292350300029375,89625.9765625
379,0.4328815408501532,108629.6484375
389,0.4188242205530611,92444.1015625
399,0.4034241114514708,129235.984375
