epoch,acc,loss
9,0.1423775754269649,1749699.75
19,0.06504133271788846,811706.75
29,0.10721329360916454,530569.0625
39,0.1230749863623012,310193.3125
49,0.14808442784608283,173352.53125
59,0.22114053124082078,125612.8828125
69,0.21463639796903194,131433.671875
79,0.2582350719650875,121620.0
89,0.2738449918173807,112419.46875
99,0.2865595233099744,103973.5390625
109,0.29793126599806974,104434.65625
119,0.3194998111703244,120378.0234375
129,0.32327640468297597,105891.8359375
139,0.3302421216063111,96292.578125
149,0.34358608535101337,92362.8515625
159,0.35336326633376697,87831.265625
169,0.3593638538038689,82611.9609375
179,0.36977046703873107,104653.4296875
189,0.3659519113759389,107644.9140625
199,0.35617473039318537,85152.2421875
209,0.35961562670471237,83451.703125
219,0.36993831563929336,79031.453125
229,0.378037010616424,70076.453125
239,0.38697494859636605,62696.90625
249,0.3958709244261676,58513.1015625
259,0.40002517729008435,77347.4453125
269,0.3921362930636566,120840.1328125
279,0.3782887835172674,80647.359375
289,0.37774327556543996,73780.234375
299,0.3982208048340397,69880.296875
309,0.4037178465024548,71813.5625
319,0.41706181024715705,76151.015625
329,0.41458604338886323,131914.921875
339,0.40610968906046746,96013.953125
349,0.38773026729889637,106836.9375
359,0.3828206957324493,89011.09375
369,0.39142293651126686,80846.9921875
379,0.41114514707733624,73854.28125
389,0.4232722084679619,75881.3984375
399,0.4272586127313164,58144.67578125
