epoch,acc,loss
9,0.18266123956191516,2012772.0
19,0.02790482984348118,766525.0
29,0.07863706936343418,533717.75
39,0.16058914858797366,357920.0625
49,0.1838361797658512,214149.703125
59,0.19176702614241953,136661.203125
69,0.1866476438252696,130017.4375
79,0.22978473416977885,121247.875
89,0.26423565943518945,112477.1953125
99,0.27594309932440936,101149.0234375
109,0.28949687381981454,157016.9375
119,0.30741471192983927,125379.5234375
129,0.30569426377407577,107002.6953125
139,0.3223112752297428,95112.1796875
149,0.33129117535982544,84201.1953125
159,0.3427468423482019,80572.9453125
169,0.3543703579371407,107982.78125
179,0.35730770844698084,80994.328125
189,0.35604884394276365,81276.359375
199,0.37023205069027737,80347.8125
209,0.3865553270949603,71582.0390625
219,0.39473794637237214,67751.40625
229,0.39847257773488315,70107.234375
239,0.4026268305987999,68202.78125
249,0.4110192606269145,69602.3515625
259,0.4176073181989845,72463.3671875
269,0.4166421887457513,67471.7890625
279,0.41265578448239687,69600.8984375
289,0.42637740757836434,56787.30078125
299,0.4301959632411565,56384.0546875
309,0.43497964835718184,60991.7265625
319,0.43670009651294533,72749.9765625
329,0.44215517603121984,72552.953125
339,0.4367420586630859,71243.5
349,0.43292350300029375,109871.125
359,0.43262976794930974,62759.64453125
369,0.43451806470563553,126652.3203125
379,0.4402249171247535,109269.71875
389,0.4420712517309387,60399.44921875
399,0.4417355545298141,94010.0546875
