epoch,acc,loss
9,0.17544374973773655,2159438.75
19,0.0175401787587596,822307.8125
29,0.06730728882547941,525763.6875
39,0.135285972053208,377819.9375
49,0.16281314254542403,232821.859375
59,0.1829130124627586,143939.078125
69,0.19470437665225968,134662.78125
79,0.2300365070706223,118175.8984375
89,0.25609500230791826,107951.953125
99,0.2735512567663967,137371.0
109,0.28668540976039614,168638.734375
119,0.2922244135789518,123506.046875
129,0.30460324787042087,104943.7890625
139,0.3194578490201838,103718.6875
149,0.33049389450715455,100958.875
159,0.33876043808484746,113951.765625
169,0.35004825647266163,101786.59375
179,0.35416054718643786,104879.0
189,0.36557425202467375,80927.75
199,0.375771054508833,83049.7578125
209,0.3856741219420083,78751.8828125
219,0.39582896227602704,69278.125
229,0.40392765725315766,75026.34375
239,0.40426335445428224,94489.2421875
249,0.4045151273551257,96311.8515625
259,0.40753640216524695,88766.140625
269,0.4145021190885821,72969.1171875
279,0.4215517603121984,65596.2734375
289,0.43023792539129707,77532.3203125
299,0.43279761654987203,97473.8671875
309,0.4295665309890479,83500.0625
319,0.42952456883890733,77492.0703125
329,0.43649028576224247,62178.0859375
339,0.4440854349376862,59045.828125
349,0.45058956820947504,61547.40625
359,0.45570895052662497,62308.34375
369,0.4584364902857622,65235.23046875
379,0.4531912215181906,64842.09375
389,0.448827157903571,66722.2734375
399,0.45856237673618394,57606.5078125
