epoch,acc,loss
9,0.10368847299735638,3.713591280489441
19,0.10347866224665352,3.7135854106850563
29,0.05241072552557593,3.713566124184936
39,0.04242373379211951,3.7132638292591302
49,0.06499937056774789,3.7110664260605897
59,0.1370064202089715,3.7044763128236777
69,0.14342662918047921,3.6849193824294955
79,0.22806428601401535,3.38675805672579
89,0.2747681591204733,3.40048920626828
99,0.2954554991397759,2.9700212319210024
109,0.49381058285426543,2.5447279094104704
119,0.47522135034199153,2.363191001757587
129,0.5741681003734631,1.979312293718303
139,0.6387898115899459,1.615782625211313
149,0.7883848768410894,1.5301242553733867
159,0.8209475053501741,1.0629357281576193
169,0.8385296462590743,1.075093874942979
179,0.6997608157441987,2.1334017864330375
189,0.8157441987327431,1.000386673363834
199,0.8471738491880324,0.9056659544637347
209,0.837774327556544,1.0981915551962862
219,0.8375645168058411,1.0846613416360318
229,0.8608115479837187,0.772977611308262
239,0.8577902731735975,0.8908395623138433
249,0.2124543661617221,3.695317740896772
259,0.19713818136041292,3.7338978687578823
269,0.06029960975200369,
279,0.06029960975200369,
289,0.06029960975200369,
299,0.06029960975200369,
309,0.06029960975200369,
319,0.06029960975200369,
329,0.06029960975200369,
339,0.06029960975200369,
349,0.06029960975200369,
359,0.06029960975200369,
369,0.06029960975200369,
379,0.06029960975200369,
389,0.06029960975200369,
399,0.06029960975200369,
409,0.06029960975200369,
419,0.06029960975200369,
429,0.06029960975200369,
439,0.06029960975200369,
449,0.06029960975200369,
459,0.06029960975200369,
469,0.06029960975200369,
479,0.06029960975200369,
489,0.06029960975200369,
499,0.06029960975200369,
509,0.06029960975200369,
519,0.06029960975200369,
529,0.06029960975200369,
539,0.06029960975200369,
549,0.06029960975200369,
559,0.06029960975200369,
569,0.06029960975200369,
579,0.06029960975200369,
589,0.06029960975200369,
599,0.06029960975200369,

