epoch,acc,loss
9,0.1745625445847845,2035497.0
19,0.07674877260710838,805611.0625
29,0.06818849397843145,538170.625
39,0.13100583273886954,345357.25
49,0.14149637027401285,198883.859375
59,0.19722210566069406,131902.546875
69,0.20708321094372875,137967.21875
79,0.27187277076077376,118010.8515625
89,0.29008434392178256,114253.96875
99,0.3017078595107213,125998.3359375
109,0.3090512357853216,101677.1484375
119,0.32050690277369814,99047.421875
129,0.3313750996601066,97222.875
139,0.3402291133397675,96936.4765625
149,0.34656539801099406,105685.6484375
159,0.35197851537912805,128650.125
169,0.35277579623179894,88747.6640625
179,0.354538206537703,112066.21875
189,0.36586798707565776,99808.4453125
199,0.37711384331333136,89720.78125
209,0.3840795602366665,112648.8828125
219,0.39297553606646807,93830.3515625
229,0.3965423188284168,103882.5703125
239,0.40392765725315766,76199.34375
249,0.4108514120263522,85203.6328125
259,0.4212160631110738,75017.9609375
269,0.42406948932063276,112758.3359375
279,0.42537031597499053,82489.7109375
289,0.43090931979354624,83180.8671875
299,0.4309932440938274,75021.3359375
309,0.4398472577734883,73679.8046875
319,0.4450505643909194,70027.0703125
329,0.4464772774956989,86163.6953125
339,0.456002685577609,72841.8671875
349,0.45226805421509797,80981.2578125
359,0.44727455834836977,100559.984375
369,0.4471067097478075,88083.9375
379,0.45373672947001803,72334.234375
389,0.4598632033905417,67914.2734375
399,0.4677520876169695,65380.0703125
