epoch,acc,loss
9,0.14116067307288827,1762008.375
19,0.0764130754059838,861253.0
29,0.10167428979060887,538643.3125
39,0.1020939112920146,320157.90625
49,0.16109269438966053,184203.484375
59,0.19562754395535228,128894.25
69,0.2076287188955562,132839.3125
79,0.23968780160295414,121021.8125
89,0.2776215853300323,115028.703125
99,0.2876925013637699,106884.4921875
109,0.3011203894087533,103314.9921875
119,0.31022617598925767,121494.078125
129,0.323863874784944,104833.0
139,0.3338508665184004,90901.40625
149,0.34081658344173554,85992.71875
159,0.3479081868154924,90374.8046875
169,0.3550417523393899,97943.421875
179,0.35835676220049517,85843.6953125
189,0.3700222399395745,78882.7578125
199,0.3798833452226092,68167.078125
209,0.3842474088372288,80645.265625
219,0.3806386639251395,85478.8828125
229,0.3735890227015232,89850.40625
239,0.37916998867021945,77511.421875
249,0.3830305064831522,96690.1796875
259,0.3929335739163275,66723.3515625
269,0.4024589819982376,62658.96484375
279,0.4157190214426587,78174.7265625
289,0.4229365112668373,71297.078125
299,0.43246191934874745,59023.6015625
309,0.4369518694137888,64422.5546875
319,0.4514288112122865,56652.1015625
329,0.4447148671897948,85433.6953125
339,0.44135789517854895,77867.171875
349,0.4439175863371239,90824.9296875
359,0.45201628131425453,64645.015625
369,0.45826864168519993,62977.78125
379,0.4672905039654232,60093.09765625
389,0.4727455834836977,44902.32421875
399,0.4780747765515505,41804.35546875
