epoch,acc,loss
9,0.1132138810792665,2006047.75
19,0.0631110738114221,826252.25
29,0.07171331459023961,515869.4375
39,0.14682556334186564,348816.34375
49,0.15072804330493894,203356.796875
59,0.16109269438966053,136172.53125
69,0.15861692753136672,128898.3515625
79,0.1949981117032437,119811.3671875
89,0.23171499307624524,109899.859375
99,0.2756074021232848,156898.046875
109,0.2620116654777391,106348.890625
119,0.3055264151735135,97007.09375
129,0.31547144475682937,93297.15625
139,0.3255843229407075,91976.859375
149,0.3360748604758508,87748.9375
159,0.34878939196844444,96136.8359375
169,0.35353111493432926,121830.1875
179,0.3634341823675045,80495.5078125
189,0.36637153287734464,81757.28125
199,0.38042885317443664,69370.875
209,0.3924300281146406,69003.921875
219,0.39037388275775253,82212.90625
229,0.3948218706726533,94743.8203125
239,0.3971717510805254,67301.3359375
249,0.40329822500104906,62547.484375
259,0.4150895891905501,67292.3828125
269,0.41051571482522764,73462.578125
279,0.4083756451680584,112205.15625
289,0.40892115311988586,64735.71875
299,0.41974738785615373,92869.6328125
309,0.42935672023834504,63952.6640625
319,0.4361126264109773,81413.953125
329,0.4416096680793924,80939.328125
339,0.4472325961982292,61972.94140625
349,0.45335907011875287,62096.73828125
359,0.45730351223196675,58923.4296875
369,0.45747136083252904,53663.2890625
379,0.4635139104527716,58315.60546875
389,0.46397549410431793,49694.27734375
399,0.4685493684696404,46123.33984375
