epoch,acc,loss
9,0.14451764508413412,1749213.25
19,0.06172632285678318,834261.5625
29,0.10112878183878142,524914.5
39,0.11640300448995007,288718.4375
49,0.15097981620578238,189798.0625
59,0.2159372246233897,129914.625
69,0.2290713776173891,128961.46875
79,0.25831899626536864,122083.5703125
89,0.26578825899039066,119919.234375
99,0.2760270236246905,110280.4921875
109,0.2869371826612396,103822.1796875
119,0.30871553858419704,102760.1171875
129,0.3325920020141832,136055.1875
139,0.3375854978809114,116866.5703125
149,0.3432084259997482,100302.8125
159,0.3567202383450128,90320.53125
169,0.36414753891989426,98081.4453125
179,0.3726658553984306,109476.3671875
189,0.3772397297637531,114204.546875
199,0.36884729973563846,80981.703125
209,0.37119718014351055,76376.6953125
219,0.38852754815156726,72217.3515625
229,0.4032562628509085,64754.328125
239,0.4072846292644035,61479.64453125
249,0.4166841508958919,64450.12109375
259,0.4250765809240065,67923.203125
269,0.42889513658679873,56400.85546875
279,0.4315807141957954,61109.43359375
289,0.43732952876505393,63177.796875
299,0.441945365280517,50925.8125
309,0.44656120179598,53429.2265625
319,0.44945659015567957,48144.24609375
329,0.4497503252066636,69118.96875
339,0.4372456044647728,128791.8828125
349,0.43200033569720114,99713.671875
359,0.4442532835382485,77782.9609375
369,0.4529814107674877,50000.84765625
379,0.45856237673618394,49321.77734375
389,0.4615836515463052,44900.328125
399,0.465737904410222,40785.57421875
409,0.4680877848180941,42249.8828125
419,0.476354328395787,45880.96875
429,0.47799085225126936,103704.4296875
439,0.4699341194242793,143144.6875
449,0.4609542192941966,91320.0078125
459,0.45507951827451637,162590.21875
469,0.3936888926188578,486219.0
479,0.3709873693928077,1334036.375
489,0.2820695732449331,1169430.875
499,0.20695732449330703,1821148.25
