epoch,acc,loss
9,0.14413998573286896,1750190.875
19,0.06730728882547941,819456.9375
29,0.11031849271956695,539539.6875
39,0.1268515798749528,313607.53125
49,0.17330368008056732,184089.625
59,0.21459443581889137,127807.7734375
69,0.2124963283118627,131990.484375
79,0.25911627711803953,120683.1953125
89,0.26780244219713817,115028.3828125
99,0.27422265116864586,115718.3671875
109,0.28823800931559734,121363.6328125
119,0.3095128194368679,100326.7578125
129,0.32910914355251564,97063.78125
139,0.341949561495531,103421.875
149,0.3499223700222399,96265.078125
159,0.35856657295119804,97250.3125
169,0.36028702110696154,115735.046875
179,0.36074860475850784,126174.3515625
189,0.3655322898745332,93156.0859375
199,0.3790860643699383,78836.4765625
209,0.3851705761403214,75792.2734375
219,0.39490579497293443,99955.0546875
229,0.3873945700977718,97469.0703125
239,0.3767361839620662,76373.296875
249,0.38168771767865384,84080.6328125
259,0.4040535437035794,68812.3203125
269,0.41471192983928495,66137.5625
279,0.4237337921195082,93129.5859375
289,0.4279719692837061,127005.6484375
299,0.4127816709328186,102296.546875
309,0.40766228861566867,77195.640625
319,0.42411145147077334,75168.421875
329,0.4348957240569007,66435.3359375
339,0.4458478452435903,51814.546875
349,0.44748436909907263,53029.953125
359,0.45373672947001803,61467.14453125
369,0.44337207838529646,61604.10546875
379,0.4328815408501532,113743.59375
389,0.4017875875959884,235898.90625
399,0.3796735344719063,323130.03125
