epoch,acc,loss
9,0.6520078888842264,61620.2421875
19,0.8027359321891654,25319.51953125
29,0.8895136586798708,17619.84375
39,0.9225798329906424,14411.6318359375
49,0.9247618647979522,13643.8994140625
59,0.9295455499139776,12841.529296875
69,0.9336158784776132,12199.6337890625
79,0.9365112668373128,11864.1162109375
89,0.9370148126389997,11480.4833984375
99,0.9364693046871722,11262.244140625
109,0.9388611472451849,10990.4697265625
119,0.9398682388485586,10939.470703125
129,0.9388191850950443,10638.42578125
139,0.9376862070412488,10448.1875
149,0.9330284083756452,10249.353515625
159,0.9391968444463095,10268.7578125
169,0.9399102009986992,10260.525390625
179,0.9398682388485586,9781.7236328125
189,0.9404557089505267,9863.357421875
199,0.9391129201460283,9603.640625
209,0.9387352607947631,9466.3583984375
219,0.9375183584406865,9384.3447265625
229,0.9408333683017918,9506.8134765625
239,0.9399941252989803,9217.4375
249,0.9389031093953254,9171.5615234375
259,0.9403717846502455,8498.91796875
269,0.9407074818513701,8899.02734375
279,0.9384415257437791,8489.69921875
289,0.9398682388485586,8536.6142578125
299,0.9382736771432169,8094.2529296875
309,0.9410431790524947,7870.65087890625
319,0.940623557551089,7963.09375
329,0.9361755696361882,8153.455078125
339,0.9402039360496832,8255.8515625
349,0.9423440057068524,8029.10498046875
359,0.9416726113046032,7431.11767578125
369,0.9411271033527758,7362.638671875
379,0.9401200117494021,7369.4560546875
389,0.9417145734547439,7545.85302734375
399,0.9434350216105073,7057.044921875
409,0.9412529898031975,6733.923828125
419,0.9424279300071335,7277.82470703125
429,0.944064453862616,7652.947265625
439,0.9382317149930762,7137.259765625
449,0.9384415257437791,8376.373046875
459,0.8243464395115606,31219.123046875
469,0.9034870546766817,12213.255859375
479,0.9271956695061055,11797.53515625
489,0.933741764928035,10324.2412109375
499,0.9373085476899836,9846.2734375
