epoch,acc,loss
9,0.14325878057991692,1754375.0
19,0.06957324493307038,813887.25
29,0.10477948890101128,507563.28125
39,0.11417901053249968,309602.0
49,0.18857790273173597,177092.234375
59,0.22332256304813058,127683.0234375
69,0.25110150644119006,133436.5625
79,0.2627250220301288,121674.078125
89,0.2787545633838278,115190.796875
99,0.28164995174352736,108830.90625
109,0.27980361713734214,101949.796875
119,0.2884897822164408,121842.71875
129,0.2976794930972263,151914.234375
139,0.3042675506692963,96710.1015625
149,0.31970962192102725,98099.4296875
159,0.33720783852964625,103489.921875
169,0.35449624438756244,97531.515625
179,0.35835676220049517,104390.375
189,0.36091645335907013,104660.1953125
199,0.3594477781041501,102355.6015625
209,0.3621753178632873,80646.15625
219,0.37509966010658385,82022.953125
229,0.3844152574377911,78605.21875
239,0.39175863371239145,78373.328125
249,0.39284964961604635,71753.875
259,0.39595484872644876,73179.46875
269,0.40359196005203307,68870.7890625
279,0.4100960933238219,70116.7421875
289,0.40959254752213503,71317.6640625
299,0.41131299567789853,75543.1328125
309,0.4032562628509085,77146.328125
319,0.40346607360161135,64840.203125
329,0.41299148168352146,94931.2109375
339,0.4177332046494062,70206.828125
349,0.4125718601821157,63390.75
359,0.4157190214426587,68393.5546875
369,0.43229407074818516,69733.8203125
379,0.43795896101716253,67132.796875
389,0.43338508665184006,98201.546875
399,0.4323779950484663,113210.203125
