epoch,acc,loss
9,0.17527590113717426,2048583.375
19,0.07502832445134489,830303.9375
29,0.07448281649951743,589725.375
39,0.1636523855482355,422326.5625
49,0.20003356972011246,282526.84375
59,0.2119927825101758,192998.96875
69,0.2281482103142965,149192.78125
79,0.24291888716377827,140532.953125
89,0.2408207796567496,126312.7734375
99,0.2430447736142,111821.515625
109,0.2602912173219756,110949.890625
119,0.2813981788426839,104340.4140625
129,0.2779992446812975,123160.5625
139,0.2759011371742688,101672.6484375
149,0.3040577399185934,97732.125
159,0.319835508371449,91646.09375
169,0.3311652889094037,88036.4609375
179,0.3477403382149301,78114.3046875
189,0.3507616130250514,96719.2109375
199,0.35512567663967104,78337.5625
209,0.3631824094666611,97915.828125
219,0.37371490915194494,77479.25
229,0.38680709999580376,92541.71875
239,0.39062565565859597,118980.6328125
249,0.38726868364735006,89434.34375
259,0.394947757123075,81853.484375
269,0.40753640216524695,81271.5703125
279,0.4137048382359112,72999.9296875
289,0.42020897150770004,79145.28125
299,0.42344005706852417,68788.9296875
309,0.4243632243716168,87082.5
319,0.42683899122991065,89564.0234375
329,0.42620955897780205,74879.5859375
339,0.4246149972724602,68789.9921875
349,0.43262976794930974,67766.015625
359,0.43544123200872814,68480.7734375
369,0.4436238512861399,64145.765625
379,0.44899500650413326,57565.984375
389,0.45386261592043975,59744.28515625
399,0.45621249632831185,65050.80078125
