epoch,acc,loss
9,0.1755276740380177,2159240.0
19,0.017498216608619027,822221.1875
29,0.0691955855818052,525569.375
39,0.1302924761864798,377473.46875
49,0.16377827199865722,232672.96875
59,0.18408795266669464,144040.96875
69,0.19579539255591458,134645.859375
79,0.22239939574503798,121050.8359375
89,0.24921320968486424,112926.671875
99,0.27501993202131675,125114.203125
109,0.28945491166967396,133214.265625
119,0.2950358776383702,102554.453125
129,0.30934497083630563,120069.21875
139,0.3202970920229953,116817.6015625
149,0.33003231085560825,106035.46875
159,0.3360748604758508,95657.078125
169,0.34518064705635515,104027.0625
179,0.3493348999202719,82927.3359375
189,0.3612521505601947,110272.890625
199,0.36481893332214343,95785.890625
209,0.3775334648147371,97084.7109375
219,0.3864294406445386,104284.6953125
229,0.3884855860014267,97607.359375
239,0.3970039024799631,75534.796875
249,0.40438924090470396,81844.609375
259,0.4105576769753682,97924.125
269,0.40908900172044815,107777.0234375
279,0.4038856951030171,76678.8125
289,0.4053963325080777,78025.8125
299,0.4141664218874575,66951.8515625
309,0.4255801267256934,65476.875
319,0.4298602660400319,68681.5546875
329,0.4389660526205363,71316.1484375
339,0.4411480844278461,80155.9921875
349,0.44228106248164156,68304.5546875
359,0.44106416012756494,77195.8046875
369,0.44513448869120054,63027.9921875
379,0.449414628005539,60624.84765625
389,0.45247786496580084,55388.078125
399,0.45810079308463764,64049.89453125
