epoch,acc,loss
9,0.6512106080315555,61697.16015625
19,0.8020645377869162,25373.869140625
29,0.8891779614787462,17631.90625
39,0.922621795140783,14421.580078125
49,0.9245520540472494,13647.9296875
59,0.9299651714153834,12843.83203125
69,0.9339935378288784,12204.8125
79,0.9364693046871722,11850.970703125
89,0.9365532289874533,11456.0771484375
99,0.9361755696361882,11272.3193359375
109,0.9387352607947631,11049.6123046875
119,0.93777013134153,11019.7158203125
129,0.9374344341404054,10775.71484375
139,0.9391129201460283,10486.97265625
149,0.9405815954009483,10334.3818359375
159,0.9401619738995426,10069.5185546875
169,0.938945071545466,9933.1435546875
179,0.9377281691913893,9999.7109375
189,0.9330284083756452,9600.00390625
199,0.9410431790524947,9893.232421875
209,0.9415047627040409,9568.7578125
219,0.9405815954009483,9366.7109375
229,0.9407494440015106,9372.564453125
239,0.940413746800386,9077.2197265625
249,0.9395745037975746,9317.3994140625
259,0.9400780495992614,8547.3017578125
269,0.93923880659645,9334.4345703125
279,0.9376022827409677,8706.1728515625
289,0.9422181192564307,8447.8076171875
299,0.9418404599051655,8500.8798828125
309,0.9410431790524947,7790.46923828125
319,0.9419663463555873,8401.537109375
329,0.9401200117494021,8023.38525390625
339,0.9407914061516512,7643.64208984375
349,0.9396164659477152,7767.16259765625
359,0.9403298225001049,8155.423828125
369,0.941798497755025,7596.57177734375
379,0.941001216902354,7591.67822265625
389,0.9414628005539004,7679.880859375
399,0.941211027653057,7729.1455078125
409,0.9430154001091016,7782.61767578125
419,0.9416306491544627,7876.20556640625
429,0.9407074818513701,7507.0478515625
439,0.9412529898031975,7371.19140625
449,0.9437287566614914,7334.4169921875
459,0.9431832487096639,7036.97021484375
469,0.9430573622592422,7285.16455078125
479,0.944442113213881,7041.52099609375
489,0.9442742646133188,7741.80859375
499,0.942385967856993,6789.927734375

