epoch,acc,loss
9,0.06160043640636146,120236.1328125
19,0.14661575259116277,128882.984375
29,0.14661575259116277,122363.6015625
39,0.2045235197851538,118657.0703125
49,0.28416768075196175,87457.1015625
59,0.3339767529688221,74245.03125
69,0.39691997817968194,70990.0390625
79,0.42532835382484996,62853.21875
89,0.4851244177751668,56949.61328125
99,0.5492425831899627,48058.77734375
109,0.6121858084008225,47646.63671875
119,0.6518400402836642,38384.63671875
129,0.6817590533338929,35633.3046875
139,0.5005245268767572,36355.3984375
149,0.7152448491460702,28474.6875
159,0.775628383198355,25325.685546875
169,0.8290042381771642,21096.470703125
179,0.8460828332843775,18504.572265625
189,0.8568251437203642,16792.03515625
199,0.8679031513574755,15535.931640625
209,0.8841005413117368,14228.17578125
219,0.8903529016826822,12932.55859375
229,0.8979900130082665,12702.7900390625
239,0.9041584490789308,11848.427734375
249,0.9083127019428475,11113.35546875
259,0.9094037178465024,10861.7373046875
269,0.9116696739540934,10542.9619140625
279,0.9124249926566237,10158.841796875
289,0.9080609290420041,9872.80859375
299,0.913180311359154,9439.7197265625
309,0.9214888170869875,9019.3388671875
319,0.9243422432965465,8932.109375
329,0.9266081994041375,8668.2822265625
339,0.9266081994041375,8619.265625
349,0.9287902312114473,8415.6513671875
359,0.9291678905627124,8182.8173828125
369,0.9311401116193194,7989.6904296875
379,0.93265074902438,7799.90673828125
389,0.9336158784776132,7633.51708984375
399,0.9338256892283161,7583.4091796875
409,0.9351684780328144,7518.783203125
419,0.9363434182367505,7274.435546875
429,0.9368889261885779,7186.6513671875
439,0.9354202509336579,7152.66064453125
449,0.9373085476899836,7201.287109375
459,0.9394486173471529,6856.18701171875
469,0.93777013134153,6782.41259765625
479,0.9402039360496832,6740.59033203125
489,0.9402878603499644,6586.76416015625
499,0.9407494440015106,6630.38720703125
509,0.9414628005539004,6470.3037109375
519,0.9422600814065712,6415.5634765625
529,0.9423020435567119,6416.73779296875
539,0.9425957786076958,6222.59326171875
549,0.9443581889135999,6086.4755859375
559,0.9437287566614914,5990.71923828125
569,0.9451974319164114,6020.349609375
579,0.9452813562166925,5878.388671875
589,0.946708069321472,5833.12451171875
599,0.9461625613696446,5799.62841796875
