epoch,acc,loss
9,0.10045738743653225,1241315.75
19,0.02870211069615207,612379.75
29,0.08279132222735093,385563.96875
39,0.15744198732743067,241861.21875
49,0.1995300239184256,181115.921875
59,0.2325542360790567,129785.1953125
69,0.25051403633922203,129258.4453125
79,0.2566405102597457,123907.1640625
89,0.2653686374889849,111853.953125
99,0.2772858881289077,104048.90625
109,0.2906718140237506,117273.859375
119,0.3020435567118459,122179.6875
129,0.3146741639041584,127852.6953125
139,0.32910914355251564,118593.9921875
149,0.34312450169946707,96496.2109375
159,0.34723679241324323,87288.25
169,0.36805001888296757,124394.0625
179,0.37274977969871176,113241.328125
189,0.3759808652595359,90339.6953125
199,0.3797574587721875,104306.7890625
209,0.3862615920439763,92360.2734375
219,0.3958709244261676,80662.65625
229,0.4064873484117326,80167.4140625
239,0.42016700935755946,114999.15625
249,0.4166421887457513,125088.2265625
259,0.4119424279300071,75992.328125
269,0.42033485795812175,82449.1015625
279,0.42994419034031306,73458.0390625
289,0.4342243296546515,74647.0234375
299,0.4369518694137888,68402.5078125
309,0.43464395115605725,74858.59375
319,0.4328395787000126,78706.703125
329,0.43888212832025514,66636.703125
339,0.44416935923796735,79225.7734375
349,0.4467290503965423,74880.7109375
359,0.4527296378666443,66458.09375
369,0.45805883093449706,73777.3984375
379,0.460031051991104,65507.56640625
389,0.4603667491922286,74559.8828125
399,0.4586043388863245,82459.953125
