epoch,acc,loss
9,0.1755276740380177,2159163.5
19,0.017288405857916158,821260.375
29,0.06999286643447611,523613.3125
39,0.11182913012462758,376098.125
49,0.1597499055851622,231070.328125
59,0.1816541479585414,139831.671875
69,0.2057404221392304,136303.25
79,0.2271830808610633,123213.375
89,0.2501363769879569,111507.5546875
99,0.27141118710922746,109329.125
109,0.2907977004741723,105313.9609375
119,0.29822500104905375,108351.859375
129,0.3174856279635769,117249.921875
139,0.31954177332046496,82735.6484375
149,0.3312072510595443,90841.03125
159,0.3469430573622592,77173.875
169,0.3612941127103353,88085.828125
179,0.38042885317443664,147962.21875
189,0.3523561747303932,131805.578125
199,0.3464814737107129,120741.8828125
209,0.36695900297931267,87332.265625
219,0.38185556627921613,78161.625
229,0.3886114724518484,80402.078125
239,0.3987243506357266,120399.1328125
249,0.4057739918593429,104107.5859375
259,0.4046410138055474,79857.734375
269,0.41362091393563005,76424.34375
279,0.4226008140657127,72188.8984375
289,0.4304896982921405,57888.49609375
299,0.4373714909151945,56667.66015625
309,0.4452184129914817,77846.1015625
319,0.44463094288951366,58836.0703125
329,0.44106416012756494,93733.1953125
339,0.44181947883009526,62204.91015625
349,0.4492887415551173,54696.24609375
359,0.46074440854349374,45753.703125
369,0.46875917922034327,42655.12109375
379,0.4737107129369309,44106.4609375
389,0.4783685116025345,40255.046875
399,0.4695144979228736,81339.1796875


