epoch,acc,loss
9,0.14145440812387228,1755481.0
19,0.06831438042885317,817290.0625
29,0.11128362217280013,514312.0
39,0.1075909529604297,312255.03125
49,0.12525701816961102,180755.921875
59,0.22588225420670555,131905.640625
69,0.22009147748730645,130959.7109375
79,0.2613402710754899,121892.4296875
89,0.2749779698711762,112765.203125
99,0.2795518442364987,108606.171875
109,0.29276992153077924,118418.8046875
119,0.31752759011371745,137927.59375
129,0.3109395325416474,129950.953125
139,0.3056523016239352,97439.15625
149,0.31924803826948095,96584.421875
159,0.32923503000293736,83536.765625
169,0.337921195082036,78238.1640625
179,0.34396374470227853,72254.4375
189,0.3539087742855944,78685.7890625
199,0.3551676387898116,72987.5390625
209,0.3659938735260795,78078.4375
219,0.3764004867609416,71134.453125
229,0.38135202047752925,77924.4296875
239,0.3932692711174521,67171.7890625
249,0.4021652469472536,67624.625
259,0.4097603961226973,68596.2265625
269,0.41303344383366203,87948.9609375
279,0.41752339389870335,75239.6640625
289,0.41848852335193654,61346.40234375
299,0.4264613318786455,55991.22265625
309,0.4331333137509966,58248.859375
319,0.43590281566027445,61824.3828125
329,0.4323779950484663,62180.04296875
339,0.43325920020141834,62610.64453125
349,0.4322521085980446,72623.8515625
359,0.4367420586630859,80348.9765625
369,0.44060257647601864,61120.59765625
379,0.4442532835382485,52793.41015625
389,0.45121900046158364,45190.62109375
399,0.456883890730561,45684.26171875
