epoch,acc,loss
9,0.09827535562922245,3.713576186706738
19,0.09827535562922245,3.713570736174095
29,0.041206831438042886,3.71340470456436
39,0.04401829549746129,3.712713744733947
49,0.09924048508245563,3.709133583331097
59,0.14623809323989762,3.6996647503152924
69,0.13679660945826863,3.6460537305122496
79,0.4943560908060929,2.6999574019910377
89,0.11845914984683815,3.6548022546757184
99,0.09017666065209182,3.705434348753589
109,0.08010574461835425,3.70633033246572
119,0.07683269690738953,3.705064131805619
129,0.07670681045696781,3.7020550185150403
139,0.08157441987327431,3.6932695984382966
149,0.08992488775124838,3.6748904023667053
159,0.09898871218161219,3.635654952773231
169,0.10582854265452561,3.5949461822792284
179,0.11669673954093408,3.518990074999329
189,0.11975997650119592,3.257686718477473
199,0.11308799462884478,3.0792507446266133
209,0.16700935755948135,2.873478043577428
219,0.3742604171037724,2.1213584152869833
229,0.07880491796399648,3.7112571947030886
239,0.06029960975200369,
249,0.06029960975200369,
259,0.06029960975200369,
269,0.06029960975200369,
