,dataset,model,epoch,datatype,pipeline,fixed synchro,rank,epoch time,commu,reduce,compute,accuracy,peak memory
0,reddit,"['graphsage', 4, 256]",2000,int1,True,5,0,0.11782517677426073,0.012465136619346975,0.025436238350475284,0.07992380180443846,0.9703786151553776,6302.0322265625
0,reddit,"['graphsage', 4, 256]",2000,int1,True,10,0,0.11586875772157597,0.006867373175504213,0.024875567458520223,0.08412581708755153,0.9697861874584852,6300.072265625
0,reddit,"['graphsage', 4, 256]",2000,int1,True,20,0,0.11668544728931181,0.003989130590434595,0.026075266782849826,0.08662104991602738,0.9704145198642802,6311.0791015625
0,reddit,"['graphsage', 4, 256]",2000,int1,True,100,0,0.11570201007719826,0.0014785364900771654,0.027162782997224803,0.0870606905898963,0.9700195680663519,6310.8701171875
0,reddit,"['graphsage', 4, 256]",2000,int1,True,200,0,0.11432415724862657,0.0010716208901861994,0.027241722910866174,0.0860108134475742,0.9699298062940954,6310.73828125
0,reddit,"['gcn', 4, 256]",2000,int1,True,5,0,0.12207079955889016,0.012135539660209537,0.03095721587837406,0.07897804402030656,0.9540419726047071,6198.33984375
0,reddit,"['gcn', 4, 256]",2000,int1,True,10,0,0.12243911378367707,0.006539651837805597,0.033529366841560486,0.08237009510431098,0.9549036856183688,6197.69140625
0,reddit,"['gcn', 4, 256]",2000,int1,True,20,0,0.1201607906207741,0.003373405848420277,0.03313439845507819,0.08365298631727563,0.9541137820225123,6195.46337890625
0,reddit,"['gcn', 4, 256]",2000,int1,True,100,0,0.12057273411803893,0.0010697050455683854,0.034307669956062846,0.08519535911640769,0.9546523526560509,6197.69140625
0,reddit,"['gcn', 4, 256]",2000,int1,True,200,0,0.12041509231108599,0.0007771092958598997,0.03255337476730347,0.08708460824792262,0.9534136401989121,6197.69140625


