,dataset,model,epoch,rank,epoch time,commu,reduce,compute,accuracy,peak memory
0,reddit,"['graphsage', 4, 256]",150,0,0.07644239294117895,0.04565534262821592,0.006410057791348162,0.024376992521614873,NA,660.04736328125
0,reddit,"['gcn', 4, 256]",150,0,0.07784229804729594,0.04513872738542228,0.008146208730237237,0.024557361931636417,NA,606.07470703125
0,reddit,"['gat', 2, 256]",150,0,0.06448631286621094,0.02555036051519986,0.016448752633456527,0.02248719971755455,NA,513.783203125
