,dataset,model,epoch,rank,epoch time,commu,reduce,compute,accuracy,peak memory
0,reddit,"['graphsage', 4, 256]",150,0,0.09249813803311052,0.06641476400967301,0.00426019471267174,0.02182317931076577,NA,1499.61279296875
0,reddit,"['gcn', 4, 256]",150,0,0.09306174311144598,0.06071738374644312,0.00949016603930243,0.022854193325700427,NA,1457.1650390625
0,reddit,"['gat', 2, 256]",150,0,0.09808839929514918,0.04538240597165864,0.028368004437150627,0.024337988886339906,NA,1301.1318359375
