,dataset,model,epoch,rank,epoch time,accuracy
0,reddit,graphsage,50,0,17.48932007683648,tensor(0.8702)
0,reddit,gcn,50,0,17.494074715508354,tensor(0.9386)
0,reddit,gat,50,0,9.708051135804919,tensor(0.8346)
0,yelp,graphsage,50,0,13.416697221332127,0.38004925910772025
0,yelp,gcn,50,0,13.441783168580796,0.21641163145485645
0,yelp,gat,50,0,11.763452291488647,0.14360548073728033
0,ogbn-products,graphsage,50,0,9.429538673824734,tensor(0.6786)
0,ogbn-products,gcn,50,0,9.407749483320448,tensor(0.7069)
0,ogbn-products,gat,50,0,21.999291605419582,tensor(0.7138)
0,amazon,graphsage,50,0,30.796396414438885,0.0
0,amazon,gcn,50,0,30.82385958565606,0.0
0,amazon,gat,50,0,31.901462178760106,0.0015442081759562613
