,dataset,model,epoch,rank,epoch time,accuracy
0,reddit,graphsage,2000,0,1.18508878,tensor(0.9602)
0,reddit,gcn,2000,0,0.91955004,tensor(0.9534)
0,reddit,gat,200,0,2.14095944,tensor(0.9147)
0,yelp,graphsage,2000,0,0.5571391,0.6051325935737185
0,yelp,gcn,2000,0,0.50505129,0.4699707352638383
0,yelp,gat,1000,0,2.38828431,0.4430
0,ogbn-products,graphsage,500,0,0.82464498,tensor(0.7442)
0,ogbn-products,gcn,500,0,0.68102141,tensor(0.7013)
0,ogbn-products,gat,200,0,3.19185821,tensor(0.7640)
0,amazon,graphsage,2000,0,2.336123,0.7884890181128037
0,amazon,gcn,2000,0,1.94175851,0.53080
0,amazon,gat,1000,0,4.0006234,0.42482944748481893