epoch,acc,loss
9,0.7167974487012715,25996.85546875
19,0.8113381729679828,13798.75390625
29,0.872770760773782,9659.6064453125
39,0.8992488775124837,7655.89599609375
49,0.907683269690739,6945.55908203125
59,0.9108304309512819,6658.052734375
69,0.9165792455205405,6150.65966796875
79,0.9140195543619655,7043.0478515625
89,0.9117535982543745,6412.61376953125
99,0.9172926020729302,5448.72998046875
109,0.9167470941211028,4992.59814453125
119,0.9201879904326298,5117.04443359375
129,0.91800595862532,4985.50146484375
139,0.9185514665771474,4709.05615234375
149,0.9204397633334732,4783.1513671875
159,0.919768368931224,5077.56640625
169,0.9279929503587764,4542.55859375
179,0.9236708488942973,4524.14599609375
189,0.9258109185514666,4259.91259765625
199,0.9266081994041375,4296.0341796875
