epoch,acc,loss
9,0.6977046703873107,36337.765625
19,0.8285426545256179,13224.7646484375
29,0.8739876631278587,9433.234375
39,0.8960597541018002,8002.048828125
49,0.906004783685116,7150.44140625
59,0.9142293651126684,6403.0341796875
69,0.9196844446309429,5704.8681640625
79,0.922915530191767,5292.80615234375
89,0.9254332592002014,5017.73974609375
99,0.9278251017582141,4739.28369140625
109,0.9292098527128531,4512.67138671875
119,0.9292937770131342,4372.16015625
129,0.931475808820444,4185.8701171875
139,0.932944484075364,4013.607421875
149,0.9341194242793001,3876.408935546875
159,0.9349586672821115,3747.8076171875
169,0.9347488565314087,3628.740234375
179,0.9339515756787378,3512.320556640625
189,0.9348747429818304,3491.089111328125
199,0.9350845537325333,3352.66064453125
