epoch,acc,loss
9,0.6583441735554529,21306.087890625
19,0.8243464395115606,16836.443359375
29,0.8789391968444463,9578.423828125
39,0.8975703915068608,8418.0302734375
49,0.9067181402375057,7406.21728515625
59,0.9135160085602786,6538.369140625
69,0.9171667156225085,6002.8798828125
79,0.9194326717300995,5617.3515625
89,0.9221602114892367,5254.427734375
99,0.9248038269480928,5059.41015625
109,0.9251395241492174,4775.69775390625
119,0.927447442406949,4617.36962890625
129,0.9296294742142588,4494.1396484375
139,0.9292937770131342,4329.1923828125
149,0.9315597331207252,4209.55078125
159,0.9310561873190383,4102.27734375
169,0.9295875120641182,4138.20654296875
179,0.9290420041122908,4126.83740234375
189,0.9282027611094793,4153.759765625
199,0.930091057865805,3930.2626953125
