epoch,acc,loss
9,0.6808778481809408,23030.12109375
19,0.7709286223826108,26320.248046875
29,0.8232134614577651,14232.296875
39,0.8635810498929966,9472.2021484375
49,0.8901011287818388,7825.88720703125
59,0.9035290168268222,6926.92333984375
69,0.9140615165121061,6168.80126953125
79,0.9191389366791154,5990.71240234375
89,0.9224959086903612,5382.79052734375
99,0.9261046536024506,5036.36572265625
109,0.9269019344551215,5120.2568359375
119,0.9231253409424699,5108.763671875
129,0.922621795140783,4795.84765625
139,0.9259368050018884,4575.80419921875
149,0.9329025219252235,4846.64306640625
159,0.9306785279677731,4625.26806640625
169,0.9253073727497797,4341.48388671875
179,0.9294196634635559,4185.40185546875
189,0.9307204901179137,4297.9912109375
199,0.9319373924719903,4031.76171875
