epoch,acc,loss
9,0.6769753682178675,31273.423828125
19,0.7680751961730519,13478.04296875
29,0.8567831815702237,11473.27734375
39,0.845243590281566,9618.7578125
49,0.8757081112836221,8515.0458984375
59,0.9021442658721833,7858.30126953125
69,0.9137258193109815,6882.66259765625
79,0.9206915362343167,6195.86474609375
89,0.9215727413872686,5662.986328125
99,0.9251395241492174,5427.734375
109,0.9281607989593387,5220.26318359375
119,0.9276572531576518,5089.453125
129,0.9247199026478117,5063.64404296875
139,0.9185095044270069,5121.01708984375
149,0.9233771138433133,4659.029296875
159,0.9279929503587764,5095.98779296875
169,0.9250136376987956,4781.265625
179,0.9297973228148211,4511.2607421875
189,0.93265074902438,4468.28125
199,0.932063278922412,4406.9140625
