epoch,acc,loss
9,0.6804162645293945,27010.310546875
19,0.8023582728379002,14691.2392578125
29,0.8494398052956234,10036.7490234375
39,0.8864084595694683,8464.8134765625
49,0.8963534891527842,7621.05419921875
59,0.9039066761780874,7040.8828125
69,0.9065502916369435,6599.33642578125
79,0.9087742855943939,6297.775390625
89,0.9032352817758382,5561.14794921875
99,0.9165372833703999,5572.79052734375
109,0.9046619948806177,5550.15576171875
119,0.906004783685116,5475.37646484375
129,0.9156980403675884,5194.70654296875
139,0.916621207670681,5412.82080078125
149,0.920062103982208,5124.75390625
159,0.9216986278376904,4690.880859375
169,0.9186353908774285,4563.8115234375
179,0.9279929503587764,4439.685546875
189,0.9194326717300995,4562.20751953125
199,0.9252234484494986,4135.93994140625
