epoch,acc,loss
9,0.719105366959003,19327.185546875
19,0.8385716084092149,12540.224609375
29,0.8867441567705929,9429.6328125
39,0.888506567076497,8753.853515625
49,0.9114179010532499,6922.4287109375
59,0.9173765263732113,6229.962890625
69,0.9185514665771474,5634.00146484375
79,0.9201460282824891,5275.5751953125
89,0.9231253409424699,5033.767578125
99,0.9278251017582141,4797.7861328125
109,0.9292098527128531,4632.298828125
119,0.9308463765683354,4471.05810546875
129,0.9315597331207252,4380.89990234375
139,0.9329864462255046,4227.78662109375
149,0.9341194242793001,4158.73681640625
159,0.9354202509336579,4017.597412109375
169,0.9365951911375939,3940.515380859375
179,0.9368050018882967,3875.771484375
189,0.9379379799420923,3778.064697265625
199,0.9385674121942008,3699.68310546875
