epoch,acc,loss
9,0.6841508958919055,28090.53125
19,0.7811673870169108,16567.193359375
29,0.8513700642020897,10936.3740234375
39,0.8898073937308548,9602.8828125
49,0.8977802022575637,7547.1337890625
59,0.9116277118039529,6919.4189453125
69,0.9196424824808023,6315.59326171875
79,0.9209852712853006,5883.03759765625
89,0.9230833787923293,5430.60986328125
99,0.9181318450757416,5276.98046875
109,0.9203138768830514,5095.296875
119,0.9269019344551215,5045.4814453125
129,0.9241743946959842,5067.7255859375
139,0.9262305400528723,5047.87353515625
149,0.9259787671520289,5161.5537109375
159,0.9216986278376904,4795.0517578125
169,0.9310561873190383,4620.29638671875
179,0.9304267550669296,4464.70947265625
189,0.9338676513784566,4301.8837890625
199,0.9311820737694599,4238.39599609375
