epoch,acc,loss
9,0.6940539633250807,27674.373046875
19,0.8077294280558935,14016.77734375
29,0.8677772649070539,11105.2568359375
39,0.8794847047962737,9658.2890625
49,0.8908564474843691,9496.8427734375
59,0.9030254710251353,7456.2255859375
69,0.913977592211825,7080.41455078125
79,0.9193067852796777,6362.70947265625
89,0.9236288867441568,5777.42529296875
99,0.9249297133985145,5493.0478515625
109,0.9276152910075113,5206.58203125
119,0.9289580798120096,5044.76416015625
129,0.9301330200159457,4984.8115234375
139,0.9270697830556838,5056.35302734375
149,0.9206915362343167,4876.6474609375
159,0.9295875120641182,4475.41064453125
169,0.9315597331207252,4523.4443359375
179,0.9309722630187571,4482.59521484375
189,0.932357013973396,4406.0849609375
199,0.9315597331207252,4326.5009765625
