,dataset,model,epoch,datatype,pipeline,fixed synchro,rank,epoch time,commu,reduce,compute,accuracy,peak memory
0,reddit,"['graphsage', 4, 256]",100,fp32,False,NA,0,0.44931627706039784,0.37097659221915313,0.0074471706567808636,0.07089251418446384,0.9416728003877709,2881.05322265625
0,reddit,"['graphsage', 4, 256]",100,fp32,True,NA,0,0.3885000750075939,0.2664188118868096,0.04142828597578892,0.0806529771449954,0.9095919429833222,3006.07666015625
0,reddit,"['graphsage', 4, 256]",100,int1,False,NA,0,0.11680026664290317,0.043320422948792923,0.00568549300349036,0.0677943506906199,0.9440066064664381,2477.087890625
0,reddit,"['graphsage', 4, 256]",100,int1,True,NA,0,0.09186616609262865,0.0011124971301056618,0.009226787921994231,0.08152688104052876,0.8906701613916665,2478.78857421875
0,reddit,"['gcn', 4, 256]",100,fp32,False,NA,0,0.3767934011858563,0.2990967922432478,0.012150878130003463,0.06554573081260504,0.9404161355761809,2373.2705078125
0,reddit,"['gcn', 4, 256]",100,fp32,True,NA,0,0.33221331030823464,0.21546562327895052,0.03286773936693058,0.08387994766235354,0.8954454876757086,2917.462890625
0,reddit,"['gcn', 4, 256]",100,int1,False,NA,0,0.10928822118182514,0.033983676932578866,0.010021972101788188,0.06528257214745808,0.9451735095057717,2249.75634765625
0,reddit,"['gcn', 4, 256]",100,int1,True,NA,0,0.08899774939514869,0.0008156521375789199,0.012299742809561797,0.07588235444800798,0.893398919268262,2323.81787109375
0,reddit,"['gat', 2, 256]",100,fp32,False,NA,0,0.1703944816145786,0.09122704905132915,0.02698529875555704,0.052182133807692405,0.9372385688383031,1818.6845703125
0,reddit,"['gat', 2, 256]",100,fp32,True,NA,0,0.10767412185668945,0.019261102343714514,0.031363939130029016,0.05704908038294592,0.928765057537296,1836.6845703125
0,reddit,"['gat', 2, 256]",100,int1,False,NA,0,0.08562001793883568,0.0074485179989836935,0.02583182966986368,0.052339670269988314,0.9321760048830404,1684.8271484375
0,reddit,"['gat', 2, 256]",100,int1,True,NA,0,0.08103698630665623,0.00020139993623245593,0.02525503968083581,0.055580546689587965,0.9240615406710591,1686.52783203125
