,dataset,model,epoch,datatype,pipeline,fixed synchro,rank,epoch time,commu,reduce,compute,accuracy,peak memory
0,reddit,"['graphsage', 4, 256]",100,fp32,False,NA,0,0.6636001481566318,0.5921279330586278,0.035188494726668955,0.0362837203713351,0.9417984668689299,961.19677734375
0,reddit,"['graphsage', 4, 256]",100,fp32,True,NA,0,0.6277201009351153,0.04157379893369453,0.5408443794694058,0.04530192253201504,0.8846202179415831,997.56005859375
0,reddit,"['graphsage', 4, 256]",100,int1,False,NA,0,0.11620363801024682,0.07329667168994282,0.007863549299018328,0.03504341702128567,0.9447965100622947,897.16748046875
0,reddit,"['graphsage', 4, 256]",100,int1,True,NA,0,0.09159671983053518,0.0007168026857597884,0.037758142449135,0.05312177469564039,0.888444069439707,906.30859375
0,reddit,"['gcn', 4, 256]",100,fp32,False,NA,0,0.5281825231951337,0.45680032774459484,0.03688864098038784,0.034493554470151025,0.9368256646859235,756.47412109375
0,reddit,"['gcn', 4, 256]",100,fp32,True,NA,0,0.5151718466780907,0.032760811406512595,0.4338744407476381,0.04853659452393999,0.7881981221837244,927.28466796875
0,reddit,"['gcn', 4, 256]",100,int1,False,NA,0,0.10706496515939402,0.06309322146482246,0.008575819259466128,0.03539592443510543,0.9357305710643951,774.271484375
0,reddit,"['gcn', 4, 256]",100,int1,True,NA,0,0.08233934779499852,0.0004729781039925509,0.03175550006156744,0.05011086962943853,0.8073173796743442,829.4833984375
0,reddit,"['gat', 2, 256]",100,fp32,False,NA,0,0.21149987675422846,0.1511663891548334,0.04017766686372979,0.020155820735665263,0.9337558120747536,525.9091796875
0,reddit,"['gat', 2, 256]",100,fp32,True,NA,0,0.1772212594054466,0.015241481537042662,0.1372528547464415,0.024726923121962452,0.9279931062958907,550.84912109375
0,reddit,"['gat', 2, 256]",100,int1,False,NA,0,0.0748158804205961,0.03482412460238435,0.01918637752532959,0.020805378292882162,0.9093944670843581,493.48095703125
0,reddit,"['gat', 2, 256]",100,int1,True,NA,0,0.06923207848571068,0.00015295106311177098,0.04566016308096952,0.0234189643416294,0.9210455451232429,551.12158203125
